<?xml version="1.0" encoding="UTF-8"?>
<archetype-descriptor
	xsi:schemaLocation="http://maven.apache.org/plugins/maven-archetype-plugin/archetype-descriptor/1.0.0 http://maven.apache.org/xsd/archetype-descriptor-1.0.0.xsd"
	name="Subprocesses Maven Archetype"
	xmlns="http://maven.apache.org/plugins/maven-archetype-plugin/archetype-descriptor/1.0.0"
	xmlns:xsi="http://www.w3.org/2001/XMLSchema-instance">

	<requiredProperties>
		<requiredProperty key="groupId">
			<defaultValue>com.gentera.archetype-py</defaultValue>
		</requiredProperty>
		<requiredProperty key="version">
			<defaultValue>0.0.2-SNAPSHOT</defaultValue>
		</requiredProperty>
		<requiredProperty key="package">
			<defaultValue>com.gentera.rest</defaultValue>
		</requiredProperty>
		<requiredProperty key="type">
			<defaultValue>NODELETE</defaultValue>
		</requiredProperty>
		<requiredProperty key="serviceName" />
		<requiredProperty key="serviceNameFolder" />
	</requiredProperties>

	<fileSets>
		<fileSet filtered="true" packaged="false" encoding="UTF-8">
			<directory>src</directory>
			<includes>
				<include>**/*.*</include>
			</includes>
		</fileSet>
		<fileSet filtered="false" packaged="false" encoding="UTF-8">
			<directory></directory>
			<includes>
				<include>**/*.*</include>
				<include>Dockerfile</include>
				<include>**/*.properties</include>
				<include>**/*.yml</include>
				<include>**/*.sql</include>
				<include>README.md</include>
				<include>settings.xml</include>
				
			</includes>
		</fileSet>
		
		
	</fileSets>
</archetype-descriptor>
